,Data1,Data2,Data3,Data4
-15.0,32.51091247441079,66892.53733411407,-5.7773817881149745e+81,11.476401214391341
-14.95,29.75728483893466,65416.22364557472,-4.160465392227887e+81,10.463529080709192
-14.899999999999999,30.840773025195695,64447.89078802253,-2.959427138928024e+81,10.491483434550329
-14.849999999999998,31.774166394136078,64287.35455955195,-2.0301564260539227e+81,12.155002751131143
-14.799999999999997,30.14488571225113,64414.12330952881,-1.530712345984088e+81,10.775820659558953
-14.749999999999996,34.68704450126322,63910.13532584328,-1.6809686622432881e+81,9.939990332298253
-14.699999999999996,30.087927121693827,62726.59249948384,-7.60216859179476e+80,9.598987729765092
-14.649999999999995,32.7505594779186,65015.24004834994,-1.1703810353623276e+81,9.618180835371284
-14.599999999999994,32.13462070111841,61451.95121760998,-3.89228522231664e+80,9.527931732439175
-14.549999999999994,30.48954862673057,59444.23066097635,-3.4389181677185206e+80,8.909921039749106
-14.499999999999993,32.17252505737436,56780.05798909371,-3.5076394307128947e+80,7.704901177522325
-14.449999999999992,32.49648259819298,58901.927863469275,-1.9933130131577928e+80,10.353979730422173
-14.399999999999991,30.470996499354996,54347.946697281855,4.882532982015159e+79,8.491150862888873
-14.34999999999999,31.30277472446703,54686.40542409549,2.3898679598199066e+80,12.098143106756662
-14.29999999999999,30.719981652053782,53106.045075095244,-3.5985596393327375e+79,10.454657859068599
-14.24999999999999,30.699152035263634,55172.486021420475,3.076522198694276e+80,9.954119758774887
-14.199999999999989,28.830781267608973,54002.185107073645,1.1990010964506426e+80,9.667558531331657
-14.149999999999988,29.913692783436414,54752.864495757916,1.8694595157693367e+80,9.151017744609055
-14.099999999999987,31.68486617980614,53434.83394993727,1.1480785455797825e+80,9.4682568870851
-14.049999999999986,32.03246773341018,50135.0399252423,1.0240009121910374e+80,11.477747558538786
-13.999999999999986,31.19139585718341,50833.71061878234,-4.643022602805104e+79,11.8605676586845
-13.949999999999985,32.26815088576901,50337.61088924625,-8.744237752603782e+79,10.656749152636085
-13.899999999999984,28.287852887143806,47530.186326091694,6.755068094208228e+79,8.594593405039113
-13.849999999999984,32.11424227365813,48132.92273247769,1.1990562236636557e+79,9.871985315859606
-13.799999999999983,30.11974887740676,45468.25970371218,2.0517803183580412e+80,12.402871602057832
-13.749999999999982,29.5741224013911,47763.83780219058,-3.703468373552201e+80,11.080872214518118
-13.699999999999982,31.826496920938002,50108.66080290378,-4.507621682565547e+79,10.44321279839906
-13.64999999999998,29.07841058035435,43130.02819061497,3.0693813695541333e+80,11.093903725875768
-13.59999999999998,30.994534818613193,43757.43688044651,2.101244444625952e+79,14.050332643316615
-13.54999999999998,29.86782858878685,45162.70336640006,6.314195884182719e+79,13.440355832639911
-13.499999999999979,27.143985213505747,44108.519144993756,-1.653316542176832e+80,15.503133037634903
-13.449999999999978,30.079319177889797,43885.71480103488,1.4419334246301213e+80,10.554116176602125
-13.399999999999977,30.201708705064544,43777.308567478154,9.762622449113427e+79,10.704770836184442
-13.349999999999977,30.2276377156651,41923.1659945093,4.2679905090857997e+79,12.318074960939917
-13.299999999999976,31.460689703000618,38140.05849625105,2.0453093387448732e+80,14.987658156693092
-13.249999999999975,30.032800946373797,38009.66555551193,2.9721996065087966e+80,12.208314884904802
-13.199999999999974,30.95481339582314,38909.290896206716,3.11055556275695e+80,13.41436783343027
-13.149999999999974,28.493320301733778,39977.93995900682,3.4179749684137846e+79,13.972100111310866
-13.099999999999973,29.28192769662498,37400.53239100851,2.782582919342544e+80,12.319578722064922
-13.049999999999972,29.8200924816757,36342.61707936998,-7.695444483753668e+78,14.687996325293412
-12.999999999999972,31.837382810367043,34311.568535669816,-1.403833830213872e+80,13.702397344566164
-12.94999999999997,29.72960572202883,37272.934836190536,-4.201785987215934e+80,14.665622480386459
-12.89999999999997,28.669763152646848,33056.681955447246,3.2062406253454577e+80,15.353947416381914
-12.84999999999997,29.807613944188827,29602.66417437243,-9.603127393440503e+79,13.339739656413727
-12.799999999999969,30.113640449501652,34115.848611724025,-2.4348518503740258e+79,18.625828883992874
-12.749999999999968,29.982064672035136,32420.65953645766,-1.363923807585467e+80,17.45179337854207
-12.699999999999967,27.33426529272467,37124.621104895705,2.287878764517231e+79,16.565339096045406
-12.649999999999967,27.048505809623034,31590.03897422272,-4.153380545832293e+79,15.445217096710888
-12.599999999999966,29.259357159388045,33350.74634058719,-3.149130822236158e+80,19.542039869980357
-12.549999999999965,28.234463235990024,30743.424471466016,1.440505125018902e+80,20.065656518432338
-12.499999999999964,27.748700619855423,31309.707590875132,2.708451575015835e+80,15.848501059496655
-12.449999999999964,26.122486039161828,31367.022158895667,4.660036285611799e+79,20.20899764910729
-12.399999999999963,28.099514959396696,28498.613788544408,-3.0430314859153e+80,18.955937367953318
-12.349999999999962,26.948820435383517,27031.923600334787,4.828309055197359e+80,21.12846517506887
-12.299999999999962,26.45177996011515,27479.071806273256,3.751245444697837e+80,17.868651895610952
-12.249999999999961,28.361456168900414,30309.788391102073,-1.6555757039445826e+80,20.689663183805628
-12.19999999999996,24.930040391862633,26200.29734244687,-5.177855146180187e+79,23.442832593422434
-12.14999999999996,28.477428694246218,26717.43133941672,1.871415344692478e+80,23.65146718133878
-12.099999999999959,26.84688546464173,26031.344686288987,-3.5353521859486646e+79,21.837851658071727
-12.049999999999958,27.373398207546526,26249.74104671532,1.4029034306471672e+80,24.197090754353212
-11.999999999999957,27.166496989269643,28932.908605647266,3.072486875437666e+80,23.355745014286967
-11.949999999999957,27.471824788395857,26128.871011006566,7.674728277156149e+79,24.883218714452113
-11.899999999999956,28.49014967557654,25435.574402051792,1.4309905046329702e+80,22.891288205377528
-11.849999999999955,28.796119025535212,30653.108249392346,-8.494848977845676e+79,24.487565654934595
-11.799999999999955,29.031843247789425,24965.93160716495,1.4143933174983162e+80,24.69656492799968
-11.749999999999954,25.718402096813485,24159.201738594275,-2.0308215898013447e+80,26.06984871438853
-11.699999999999953,25.12861935664619,23977.462695762802,7.442112151746559e+79,27.723710859507634
-11.649999999999952,26.59023096522875,26097.689883531108,-3.0181209116224857e+80,25.883809462725097
-11.599999999999952,28.69547222112937,19594.138157649482,1.1781754980554929e+80,25.49482570008447
-11.549999999999951,28.337418531858265,16741.521707218002,-3.8974167228902607e+80,26.654871532929782
-11.49999999999995,27.646742604545235,19205.88654145814,5.3256276487751425e+79,23.679139061268835
-11.44999999999995,27.344225723252546,21713.57646361392,2.3499188504953216e+79,27.123847853465872
-11.399999999999949,25.925767058433085,19449.295766980566,1.1803243115152185e+79,26.90595883491983
-11.349999999999948,28.184841418300906,19534.37668584217,2.698543791599883e+80,31.51775367359268
-11.299999999999947,25.252456265207492,24373.573684155246,3.571685370329875e+79,30.543223789618523
-11.249999999999947,27.916674151158738,19895.166762715537,2.3698652162282796e+80,27.204959457245614
-11.199999999999946,25.32423527672101,19905.5542248366,-1.3595153480196175e+80,28.070027708846546
-11.149999999999945,28.096359360952054,21910.05800394062,1.5592464611568225e+80,27.935227728233137
-11.099999999999945,27.13193879405874,21740.22939073727,1.838932777131734e+80,28.782246793028428
-11.049999999999944,23.94050460173251,16972.009621598096,-1.2913359201507474e+80,29.155463179796797
-10.999999999999943,27.744153938453092,16823.581476230756,-1.2621561951110455e+80,31.684850977392927
-10.949999999999942,27.32168872745781,17531.19944382424,-4.899979497200037e+79,33.9091702332808
-10.899999999999942,24.255964425245516,21791.33713281607,6.178337628434526e+79,32.25743455045813
-10.849999999999941,26.01328700760743,18137.36147394949,-9.965323711715258e+79,32.125875027011176
-10.79999999999994,27.558767001987707,14370.090732436394,-4.8558443138845e+80,31.231318375607
-10.74999999999994,25.73197597728644,16879.292705461223,-1.958827334986514e+80,33.34256330781531
-10.699999999999939,25.785728341294018,20123.397104444994,3.772689722993046e+80,32.30130386441091
-10.649999999999938,26.09410018160931,18086.75412497939,-9.826050025178583e+79,31.046674876902426
-10.599999999999937,27.266879583632928,18319.15950517092,-2.3442446321876308e+80,34.61956462141198
-10.549999999999937,26.96990180242128,15789.450409362067,-4.293315833229974e+79,30.306102089775568
-10.499999999999936,23.283705122261253,13703.936774194512,-3.562488710073427e+80,32.77559366755336
-10.449999999999935,26.15863067731671,17993.74333736784,-1.3289524860162022e+80,31.8748304733334
-10.399999999999935,26.781882180813184,19366.545543686345,2.268994084348385e+80,33.87199551149653
-10.349999999999934,27.846835679268047,13553.522646009402,1.6517581722550647e+80,31.251410180293554
-10.299999999999933,26.666423303003413,10600.840460739606,7.373224564758003e+79,33.362234839211766
-10.249999999999932,23.722600901008885,15117.615990462315,2.288467196417244e+80,32.77958360441992
-10.199999999999932,23.93797195354104,7593.596520461879,3.1179864252474403e+80,32.43884089093213
-10.149999999999931,25.287247075864233,12445.539404817671,3.826310388725265e+80,30.430462599302647
-10.09999999999993,27.328205329298235,14457.029447450295,-7.168335072358332e+79,32.34674489219435
-10.04999999999993,23.94880524056012,13194.813441213933,3.108940819475411e+79,33.4493384552875
-9.999999999999929,24.54570095317272,13388.046812425411,-2.9063913137796157e+80,31.243428379425414
-9.949999999999928,23.51698693890615,12391.578536082156,3.0417796843572795e+80,31.696833271684266
-9.899999999999928,25.534717778762044,12149.270723936565,-9.151634922934607e+78,31.34954745383535
-9.849999999999927,26.16995267595121,8916.199345508212,-5.918672343409093e+79,32.450577874860905
-9.799999999999926,26.480530750208608,8532.507841149552,-5.491920499592212e+79,29.804897222548746
-9.749999999999925,24.971493279718437,8113.116902271288,3.217476612291953e+80,32.520580048620886
-9.699999999999925,23.690111711719325,7264.925110667402,9.183529878896558e+79,29.73968241618325
-9.649999999999924,26.376355216266774,14146.384593559775,-6.24091229511804e+79,31.262770997024425
-9.599999999999923,23.232181797101006,9815.721440159337,1.751563504326513e+80,29.002472107167097
-9.549999999999923,22.91795668050856,7665.107363128005,-2.489249693212443e+80,29.24559761514132
-9.499999999999922,21.728530570930364,10630.27276945695,-1.0323763685994946e+80,27.916686742033278
-9.449999999999921,26.77696543832534,8300.445696731274,-4.5601964601783117e+80,28.593806056466917
-9.39999999999992,22.827154110453797,9048.516403888632,-1.1769219519273694e+80,29.08060318361862
-9.34999999999992,24.842966360241853,9293.663518949392,2.1160538856492514e+80,27.730683639417826
-9.299999999999919,21.79843210983792,4465.49242097999,2.6855583212742958e+79,28.63414480279496
-9.249999999999918,25.369012096763825,10198.193794336597,3.2515266581263335e+80,26.119470382047357
-9.199999999999918,25.757828475754753,8268.711490030082,2.3630087329635503e+80,27.173610873606606
-9.149999999999917,20.95555878274837,9368.40373722619,2.153775774756495e+79,27.25838829225565
-9.099999999999916,25.60894013107124,12213.028891890895,3.718064276476281e+80,27.801922505293387
-9.049999999999915,24.76118879543048,5603.374194071255,1.4000383152787361e+80,26.731151624370188
-8.999999999999915,26.12035972010807,5498.087097238884,2.8313884971092405e+80,25.53867567225697
-8.949999999999914,22.437254575484516,9965.508187142044,-2.972639627824441e+80,23.85413608828551
-8.899999999999913,22.627326308432735,6771.21985267344,1.1556063395157492e+80,22.826111214139672
-8.849999999999913,24.203909857347135,9687.009517398734,-4.3451465870267806e+80,23.584318743847653
-8.799999999999912,21.398792478908398,8783.242480992298,3.726810403411381e+79,23.971704622601298
-8.749999999999911,25.12427595233069,10667.537340766812,-5.085430781571783e+80,22.802496921438408
-8.69999999999991,23.414365167868517,7570.153542900667,1.473321756111173e+80,23.08981473473188
-8.64999999999991,23.420985440717256,3589.2432269683754,2.184688831168493e+79,23.134325545422573
-8.599999999999909,22.346195315533237,7214.365357945779,-2.142438974292243e+80,20.652917797165223
-8.549999999999908,19.31038802265806,4953.133407179805,4.5568429797887276e+79,21.98095238068359
-8.499999999999908,22.972322452726623,7084.784397188741,2.2905354747950002e+80,19.937500008483532
-8.449999999999907,23.197975091658897,7538.504954377272,-3.6149462376829916e+80,21.113082738419646
-8.399999999999906,24.102995537117764,5545.206829584543,-1.3585170587444e+80,22.115584251205618
-8.349999999999905,21.890955056268027,6653.131003953364,1.4313392018965955e+80,20.00723657717898
-8.299999999999905,22.460148704133132,6347.658854118981,2.8138848417703825e+79,19.39887430085049
-8.249999999999904,21.030971535221067,3435.4724218945894,6.411923056340279e+79,18.242722685884978
-8.199999999999903,24.504565844461204,6209.384794920898,-2.2712655078824368e+80,20.39008120499806
-8.149999999999903,22.106436329760847,5420.135244937298,-4.9004271801704515e+79,19.413227757912782
-8.099999999999902,20.57545338350657,3530.2986723959866,7.541250298454784e+79,18.62536009550837
-8.049999999999901,21.6359440320116,6512.63649596737,-1.18765712449412e+79,15.876260040736707
-7.9999999999999005,22.43528350509219,1793.7303825706326,3.0148657931695077e+80,17.134041383611827
-7.9499999999999,22.538319393174973,7192.722968690512,-2.310245655899073e+79,16.054049145717997
-7.899999999999899,21.54880643045025,4330.079298655073,-1.5863455117846296e+80,15.83674116229578
-7.849999999999898,21.675910768038843,7058.893656727307,1.0277573386094161e+80,15.906576995689308
-7.799999999999898,22.296341985753855,3013.664923534323,2.4131041596768457e+79,16.733275355620584
-7.749999999999897,21.913274551229676,655.3837194857492,-1.803304983902232e+79,15.544374188806675
-7.699999999999896,26.50329011810469,3564.6749844684377,1.6099140913799385e+80,15.263064406607903
-7.6499999999998956,20.294568734941365,9099.602299814556,-1.6418819364734527e+79,15.820111771417206
-7.599999999999895,22.87533988529019,5331.941980932894,2.6120320670059246e+80,14.069155181897099
-7.549999999999894,21.24148071406708,4662.133161425607,8.502045797812574e+79,16.562832512140965
-7.499999999999893,21.2310285277129,1957.2850617863633,-2.3451307899096817e+80,15.70605735569028
-7.449999999999893,20.560120254355212,205.88041572108477,2.6642146505036496e+80,14.313929096243516
-7.399999999999892,19.124708657870393,3146.3249591354943,5.134048294350046e+80,16.4023163094826
-7.349999999999891,19.48315280544768,872.8316091531347,-1.111658177364514e+80,12.833078950706007
-7.299999999999891,20.414446968683915,4418.301888207681,4.9272621328125346e+79,12.18759795547906
-7.24999999999989,19.82577813350843,4971.103213401177,-1.9779633227768332e+80,13.467860362093122
-7.199999999999889,21.84092519439281,2970.7305338660894,2.5745508150350155e+80,13.681064998334012
-7.1499999999998884,22.949848977166646,4110.413039342695,-1.3553201633874676e+80,11.412844400066394
-7.099999999999888,19.45800304502791,1653.083838464929,-4.241418609326965e+78,10.466902465293334
-7.049999999999887,23.23197634097688,3170.887516945538,1.9276758240232922e+80,14.44274546784624
-6.999999999999886,19.397611499498506,4043.2970920933276,1.0927632042040222e+80,10.574372702900002
-6.949999999999886,22.399798462063657,2796.891479763534,2.4178939645525526e+80,12.922283405843325
-6.899999999999885,18.181463973003954,1593.2922116397226,1.9879830289975408e+80,10.383306450578612
-6.849999999999884,20.133413201242313,5781.607530722129,5.007734742188287e+79,10.043389577755033
-6.7999999999998835,20.539587588734612,4585.915635214551,-2.1839072172340868e+80,10.677724155801624
-6.749999999999883,20.44127230901745,8519.890877844506,1.1814789469284918e+80,13.040632881710394
-6.699999999999882,19.271960539948225,49.076636315975975,-3.286001909524885e+80,12.406631641379136
-6.649999999999881,21.166858169529334,1301.2809896426543,9.85955644706214e+78,8.697123565143823
-6.599999999999881,22.14855499897441,-40.82534085457246,1.240902824121099e+80,11.344698915244152
-6.54999999999988,21.43034725931644,-1021.1913104295434,1.057430834747951e+80,11.399050464223798
-6.499999999999879,18.878349796467997,3220.9288748483614,-4.810240784862996e+80,10.799040718648126
-6.4499999999998785,18.473592224897835,1651.1677614090881,1.0323107057358315e+80,11.392944247345492
-6.399999999999878,20.374940877159926,3517.2577472435087,1.8534424463360752e+80,13.748740835374957
-6.349999999999877,18.679263129206923,142.04692047055164,-3.6433666710330794e+80,11.041405539809555
-6.299999999999876,20.302006912466858,-59.166353545590255,1.8562076189810574e+80,11.279532532294063
-6.249999999999876,20.598634130411256,3175.032194341922,2.0427477775875884e+79,10.331601152921895
-6.199999999999875,18.148929543070267,-488.66739029646897,5.689882604854827e+79,11.177903744108434
-6.149999999999874,19.38678851682365,1267.1787366053757,-2.989792519931883e+80,6.012488292188415
-6.0999999999998735,17.06459070510575,1347.954351151991,7.160746338415151e+79,13.349269219677144
-6.049999999999873,20.392243687752632,3228.1511535424493,-8.649157779505619e+79,9.496434280141575
-5.999999999999872,19.315542026590855,134.6531394531264,-1.3005234571742323e+80,9.632468643291032
-5.949999999999871,18.387004960579453,4062.6747715590473,4.4913034863191704e+79,9.463777169332971
-5.899999999999871,19.759403911536566,-22.635078607700507,3.6053411901127673e+80,11.220177161996066
-5.84999999999987,17.60403404893111,4184.494203098043,1.0600917711909878e+80,10.568655703543792
-5.799999999999869,17.39932714809128,1939.8721832399783,-3.862825838866428e+80,13.484334555319693
-5.7499999999998685,16.083482809193875,318.61249551315564,1.3067221100246462e+80,10.138974058373051
-5.699999999999868,18.19468448255703,-1504.754777241137,-4.34740731473443e+80,10.482734992436368
-5.649999999999867,18.616662759404882,1388.6349241666646,-4.7835599780237806e+79,13.178383086472776
-5.599999999999866,20.118523879929448,-900.6676127733213,2.14277917470547e+80,12.41044129349614
-5.549999999999866,18.717057834672232,3079.0009649167105,2.7282737542743755e+80,9.8040984435407
-5.499999999999865,17.56034245934461,-1468.4458538142994,-1.8484237347484782e+80,13.32713670086944
-5.449999999999864,21.785214865942432,2434.4728742377793,-6.89415587709925e+79,13.781083567701325
-5.399999999999864,20.956954467551206,-1167.4585598969052,-5.814872931728697e+79,10.689505057122144
-5.349999999999863,14.811726595154282,2176.4176968998954,-2.648031109307949e+80,10.014885844441945
-5.299999999999862,21.202011409664784,298.2003821207474,1.419445311644474e+80,8.894609378246908
-5.2499999999998614,17.790002770648968,1648.2084697462321,-3.9153488064357786e+80,9.091008858111401
-5.199999999999861,15.745736149676432,3395.9257467152206,1.7361134550520252e+80,12.536520710983543
-5.14999999999986,18.81495220550716,2903.691461212137,-7.029396316726247e+78,9.447435542164687
-5.099999999999859,19.821405848997372,2621.5177271116927,-1.1223468051353621e+80,10.921166080737066
-5.049999999999859,19.232218494769487,1344.459453392575,9.052012213956784e+79,9.160272557114874
-4.999999999999858,17.22170521610311,-4588.79079070743,1.9877582255889757e+80,13.251664678975175
-4.949999999999857,16.131704165772987,-392.8580139559896,-3.700201822806374e+80,11.521753464675504
-4.8999999999998565,18.98893117429369,-1599.7346811802854,-2.640850471288417e+80,12.17432412254513
-4.849999999999856,16.45471835543409,-277.82060384765543,8.931637148249344e+79,11.132407148329001
-4.799999999999855,17.625853573904966,4808.277363427411,1.2045821642416072e+80,10.904548482706872
-4.749999999999854,18.05925846478955,-329.8535100928303,2.498264257915174e+80,12.056840261809157
-4.699999999999854,16.399045437739165,2165.047435937428,4.7470664455942456e+79,12.787406516379383
-4.649999999999853,17.404815670883586,-224.9580729919843,2.8350669643736157e+80,10.881142755356564
-4.599999999999852,17.72344581957904,3294.1164181808563,-3.3180846550655406e+79,10.567058017385449
-4.5499999999998515,15.552923021879376,-2551.839598761067,1.2900183706009146e+80,15.029841716513298
-4.499999999999851,19.95561377258617,-2925.2981749756605,1.5868968288898186e+80,12.298625922649016
-4.44999999999985,17.440958638126148,2103.000519596955,-8.426315529035279e+79,11.548958035561448
-4.399999999999849,18.66035781835523,3779.629273342539,4.0212965116219356e+80,11.759049297982667
-4.349999999999849,17.482465533621216,-2675.3394433268854,-1.4856016666877995e+78,9.580041361544138
-4.299999999999848,14.23210946600897,874.8652179534531,-4.519650826449536e+79,10.977939709559141
-4.249999999999847,16.859233241543528,1724.0804477503393,-1.7824511309442878e+80,11.952078643633776
-4.1999999999998465,13.95018464019429,-1207.1721051033662,2.110004507901431e+80,9.064153463476357
-4.149999999999846,17.433667554624517,-600.3877239066549,1.5932482928988676e+80,10.308130201849515
-4.099999999999845,17.824584771294198,-560.6385689466097,-5.1096243681969475e+79,11.772731512753936
-4.049999999999844,15.769182851800354,-4783.950046117881,-9.019039154905775e+79,12.608718202552428
-3.9999999999998437,18.19193110551047,1446.0160798464865,1.64117298301607e+79,13.973774819589455
-3.949999999999843,14.284265737543606,2500.90825210933,3.5548783886896963e+80,13.263889541984415
-3.8999999999998423,15.763046104170058,-574.6307003412866,1.9890913975157326e+80,13.871770840165663
-3.8499999999998415,17.88535759173324,-1565.143017717351,9.507700197225612e+79,10.811615203997444
-3.799999999999841,15.803173115137756,496.29410781434774,-3.216190009689642e+80,13.167042210907704
-3.74999999999984,13.977169896189118,-2822.624274987513,5.255527575281491e+79,15.971091125637393
-3.6999999999998394,14.018051830753446,3938.813741340931,-1.1801882131882108e+80,12.47839803372166
-3.6499999999998387,15.260025131066019,5306.069138834353,-2.5602431580855206e+79,9.928128213668595
-3.599999999999838,17.195414198338796,1343.0400313697228,-4.32019479344339e+79,13.528474094945675
-3.5499999999998373,16.248613712818457,-703.7867496473793,-2.0839050043489984e+80,14.038911198843333
-3.4999999999998366,14.918494967885032,2193.4327061651056,-8.084978091106525e+79,13.210762092012757
-3.449999999999836,16.393769906314624,-3240.274260286426,-6.19542835494531e+79,15.145618600549643
-3.399999999999835,14.865592677726347,2279.692627976425,2.5732416904531283e+80,14.435612524992319
-3.3499999999998344,15.71522425435789,852.0354985812402,1.260328949089586e+80,16.69428109750721
-3.2999999999998337,15.942211255392241,2327.5016644179073,-1.862488162353595e+80,16.79483296956723
-3.249999999999833,14.1304332977778,-645.4007842158334,-3.157400349925554e+80,15.447977357956756
-3.1999999999998323,14.86772715211375,-739.5690748892363,-1.904816798510926e+80,16.130802549681643
-3.1499999999998316,14.77478818187144,-1367.1143720101431,4.1604540717039587e+80,17.16465975973608
-3.099999999999831,14.713239398294322,1108.2258691857057,2.3399835583618424e+80,17.523231918146738
-3.04999999999983,14.179266592777418,3480.8537795467773,-3.840795284994564e+79,14.663872486246131
-2.9999999999998295,13.462907537869198,740.1049010025986,-4.364151618645227e+79,16.932057948983633
-2.9499999999998288,16.443432103997253,4619.976459210233,-4.1172562621107106e+80,17.92571162925425
-2.899999999999828,16.634178735466413,-1699.1053629120838,8.925552673262514e+79,14.328952346239921
-2.8499999999998273,14.132788945344195,322.5635398838525,-3.6308831222840645e+79,16.518749366348537
-2.7999999999998266,15.01490099097843,1661.0265719017023,2.539280068693463e+80,17.348900722923148
-2.749999999999826,16.926398218458367,-1069.8588620683063,-6.806914292502755e+79,14.388731943032386
-2.699999999999825,12.925711906654016,645.636630257968,-3.031134891914988e+80,18.735055460817733
-2.6499999999998245,13.368785657239554,3035.455318092099,-1.1323046028684647e+80,19.90288934043786
-2.599999999999824,15.030774680575673,2514.4673896951854,-1.5996333558632803e+80,19.37666841060737
-2.549999999999823,12.767100976576447,2046.495475960431,1.3721101365535192e+80,17.620976317623917
-2.4999999999998224,14.970894802471747,1754.6108574136902,1.8805445789808182e+80,18.407079245269433
-2.4499999999998217,14.79224616690901,-277.0475559065152,-3.8082145419245333e+80,15.384322103565106
-2.399999999999821,13.201659086945686,-1458.002172088584,-5.596067026000831e+79,19.250425338094264
-2.3499999999998202,14.698667521955525,-2370.056572480436,8.961676338939738e+78,19.910718622551318
-2.2999999999998195,12.233456255983533,614.6992442464917,1.0513037036092641e+80,17.74091660960554
-2.249999999999819,14.045397811398246,-715.2679644035696,3.68384641034862e+79,20.76275510954615
-2.199999999999818,13.545259597426067,-4614.026989205039,-7.538030642640113e+79,20.255224952372153
-2.1499999999998174,14.79381165016794,571.4922388227112,6.510939442345741e+79,17.621780734190104
-2.0999999999998167,11.58321619385367,734.7328766840302,1.9329771939799887e+80,20.078339223585413
-2.049999999999816,13.207120534767533,2266.7923163315386,2.2831791221526613e+80,19.94821415211191
-1.9999999999998153,15.80991400956828,-825.2404856494295,-3.4974224131579526e+80,20.69076175831689
-1.9499999999998145,9.416571428252814,3757.8538026872584,3.128037161278862e+80,23.03309409648085
-1.8999999999998138,11.989671738842073,-447.4394052995515,2.8153848167521387e+80,21.699704095040346
-1.8499999999998131,11.833084907588868,-770.4102008343452,-2.0003056578559853e+80,18.205322076107755
-1.7999999999998124,12.525479889507038,1135.673679208446,-4.568761831526073e+80,20.004563052141755
-1.7499999999998117,12.206990643174965,2488.508457865855,4.245321279047891e+80,21.19762072777575
-1.699999999999811,11.78270845080624,-1516.7133027513962,5.8011272768016745e+79,19.260875375807057
-1.6499999999998103,11.690560080856555,1144.8548072149463,2.2800165086061975e+80,17.89998342666469
-1.5999999999998096,13.909838077445727,-2710.5209658218564,2.487988494296099e+80,18.648225028569943
-1.5499999999998089,11.625538674308586,-1534.931028592955,1.459520943666367e+80,18.613399392477437
-1.4999999999998082,13.127908473104178,-37.906301497018525,-3.025782360651377e+80,18.74173182697048
-1.4499999999998074,12.091185121981187,-3778.2039038133375,3.388741272864674e+80,18.382302972461417
-1.3999999999998067,14.512929196876147,1192.816127774611,-2.861526326728886e+80,18.61531056714954
-1.349999999999806,13.002930910852498,524.8816487697525,-7.298147717543756e+79,20.10591391147254
-1.2999999999998053,13.175415595140027,587.5149766241667,-5.241625804980338e+80,17.727101589080064
-1.2499999999998046,11.224553140087558,-1541.6006214757044,1.518650179117279e+80,17.516465908751343
-1.199999999999804,12.744243884885416,1785.6445507933865,1.1192601243212633e+80,21.119346078131038
-1.1499999999998032,13.78126560020338,1858.787073018974,2.811444345381894e+80,16.458331462745424
-1.0999999999998025,14.19373439492287,-3239.261705592532,-2.7055940421321656e+80,17.38910257031875
-1.0499999999998018,13.404640450895423,-1172.8609129922493,2.674132039636901e+80,20.76907604239572
-0.999999999999801,9.397910892711824,4169.047642826886,-5.133151208449709e+80,16.47983726064667
-0.9499999999998003,10.679097419167075,3207.4325966319357,-8.765687467772803e+78,15.06292922923495
-0.8999999999997996,12.20285395948748,-3187.8965406864572,2.9078202297496385e+80,16.692831431351355
-0.8499999999997989,11.51610897794951,1003.2334412483797,-6.790627713306028e+79,15.580653398895949
-0.7999999999997982,13.058003974336053,566.2275025067299,2.5774479077017773e+80,15.542348296235582
-0.7499999999997975,11.447338934900918,2305.0524435261386,-1.3345107154942144e+79,15.802579749733184
-0.6999999999997968,12.885971823389148,-2425.4950219905377,2.954659830109706e+80,18.93512604200471
-0.6499999999997961,12.079658515724471,2758.575712084347,4.0069482076514063e+80,13.760230188163753
-0.5999999999997954,13.213725615115546,-133.78410758711578,2.0962231125657916e+80,15.693331732297505
-0.5499999999997947,10.279295773437203,714.3788540053451,-1.5620349165139865e+80,13.440825430855112
-0.49999999999979394,11.297494751719949,2727.7848485241816,8.049918821954683e+79,13.909925801565736
-0.44999999999979323,7.319457737990396,1336.5982745452816,-1.7324259230394272e+80,15.096736700719743
-0.3999999999997925,10.035814289430235,2300.7735382681,-1.2286407097075632e+79,13.947911840450184
-0.3499999999997918,13.953222343233737,-510.9044882691443,-1.4241891419036287e+79,11.697079859669604
-0.2999999999997911,11.39508614440386,979.5464657401807,-5.071637644720989e+79,12.702705074008415
-0.2499999999997904,8.49029597151056,-1422.9934188852951,-2.1970343685796226e+80,10.803791914967569
-0.19999999999978968,11.589993134288438,-1160.3908541386527,1.1727151911308723e+80,12.693201439126842
-0.14999999999978897,9.773262638305006,-207.1084332947113,-2.2897842518383583e+80,8.952814505974493
-0.09999999999978826,11.289992761292629,2454.7831456491117,-3.350345560075727e+78,10.484551534345163
-0.04999999999978755,10.179187324972451,440.7230182187204,-1.8254604276351464e+80,8.064223576940009
2.1316282072803006e-13,8.847233931149908,-4847.3621982451095,4.680675425804918e+79,8.200061443469458
0.05000000000021387,9.054340914584943,-177.4033321645566,-1.6079088548899927e+80,11.284223189447703
0.10000000000021458,11.066810471789314,-1381.7994790508767,1.501289673106248e+79,8.613756761300609
0.1500000000002153,9.540273138838502,-1656.6099481106494,2.2842217458253774e+79,6.064874857078109
0.200000000000216,9.432563617457284,2264.32973267148,1.4510926928236187e+80,8.87613751680957
0.2500000000002167,10.457485762737484,39.23694609233675,3.5989747423342224e+80,8.283172007646993
0.3000000000002174,12.308184480176,1699.4423676390184,-1.0440956453074701e+80,5.705448495815405
0.35000000000021814,9.508935956488223,2700.257792979127,3.02180207673879e+79,8.340962675338986
0.40000000000021885,8.120425930709775,-2789.14660057308,-1.1796935173875157e+80,3.407033618184286
0.45000000000021956,11.629865865408531,-1575.2671339200483,4.56269836936928e+79,2.6978266910406994
0.5000000000002203,7.3691813569224625,-135.1889016140625,-1.6046342463701227e+80,7.353889807300498
0.550000000000221,7.977260698683002,2924.109851618228,2.7545103875155494e+80,2.582728016812614
0.6000000000002217,9.430977224978633,-1295.5567817170222,2.2600004451221677e+79,3.3172895723105125
0.6500000000002224,10.169164048332467,-870.3048918081191,1.1722846240679107e+80,7.5355782796638735
0.7000000000002231,7.49465123959648,-3096.443703078848,5.1270022593553874e+79,3.907537229410546
0.7500000000002238,11.220836442842016,-352.4110067085052,-1.3013872353756116e+80,3.7221697807347525
0.8000000000002245,9.839924289545381,81.1070133537384,-2.5339760775730807e+80,5.203036593587624
0.8500000000002252,9.681153437461402,1277.8238978727939,-1.1087404863449529e+80,2.6033969724659087
0.900000000000226,10.488346619902014,-971.4597005282673,-1.0961721754417144e+80,1.3982518019335757
0.9500000000002267,11.44838035219938,426.1868685668292,-1.446713726696103e+80,2.466538381361662
1.0000000000002274,9.424408928058606,598.3396195869424,2.819799607518823e+80,3.0748324293616704
1.050000000000228,9.92333394739271,2825.3214579923124,7.44981137531199e+79,2.6159539549047537
1.1000000000002288,11.089673195220374,-1182.7821337498983,-4.054321652995453e+79,1.9074431553581892
1.1500000000002295,8.3531848320022,974.444023865613,1.583278298466663e+79,-0.7761100621225445
1.2000000000002302,6.218401938722765,-2050.1777867402157,4.293469856382492e+79,0.3790005337731941
1.250000000000231,7.5540919036549985,1591.7811987290374,-1.2584595325940826e+80,1.4941248619066432
1.3000000000002316,5.915062877833585,5879.2948909230245,1.158038900191778e+79,1.5254066828144026
1.3500000000002323,8.854091758754631,-159.46188232017786,-3.775099514969173e+78,1.651539753152182
1.400000000000233,8.54257292834675,-597.3122921354966,-1.5591473783412067e+80,1.6299177875505446
1.4500000000002338,8.250779058035713,-795.1003824314582,6.602813550227161e+79,1.2002783609130745
1.5000000000002345,7.293130712780046,-1512.8019003499423,1.7208933323526853e+79,-1.4373712794758582
1.5500000000002352,8.11226490988794,-2065.0589307810387,-5.8394892933175833e+79,1.8202867929909026
1.600000000000236,8.820051552685863,-3218.886512496451,1.1060127557008732e+80,-1.68360744430748
1.6500000000002366,6.244302228938716,-2757.0119887600613,6.015588037983843e+79,-1.2412028124895702
1.7000000000002373,7.973955283296817,849.3045957542361,1.721471400311789e+80,2.8179103376134735
1.750000000000238,7.522355697854152,-401.6688199458306,4.283613522648587e+80,0.7181382721959899
1.8000000000002387,3.953622542335232,-2634.322378413118,-4.250573931680582e+80,-1.2882626103350994
1.8500000000002395,10.42443833073254,3744.175259036396,1.6903086272126434e+80,-1.1728427991967543
1.9000000000002402,7.515471779116332,-1308.8594337836687,3.169668135851469e+79,1.0193606262013866
1.9500000000002409,6.65406615843386,-156.2908440895563,1.0239452047508245e+80,0.6198921993678272
2.0000000000002416,8.522689030252078,3970.533529839283,-1.751231671364051e+80,-0.40310056181812826
2.0500000000002423,7.825420779980709,-3246.7184607772074,6.055646079205065e+79,1.5643787343755342
2.100000000000243,7.4887186086525865,706.3751650867653,-1.7246301959893743e+80,-3.014630318103629
2.1500000000002437,8.329013456674376,-987.5148645314983,2.6150665894020706e+80,1.1959599253309108
2.2000000000002444,6.314838605279801,5465.2854696293625,8.021862819601379e+79,0.25928699539237776
2.250000000000245,7.052689879852256,2260.9566395141946,1.370531051215836e+80,0.4518684744059218
2.300000000000246,6.671717285163098,474.32907454204843,3.5427301876085244e+80,2.1705941889139275
2.3500000000002466,7.677028687625217,1548.3830938117949,-1.6953693365041803e+80,-0.4796969752116027
2.4000000000002473,7.336002043150767,-4742.5556293150275,-1.6604410135361107e+80,2.8882219330572667
2.450000000000248,8.102794815868092,-2374.3906105622236,4.17145415226204e+79,0.5625002691030101
2.5000000000002487,5.236612925788249,-1747.289175695678,2.2022519427376208e+80,2.931396547459422
2.5500000000002494,7.046807353645397,-2189.0125989878625,1.1694352607520319e+80,2.9763915831250554
2.60000000000025,6.391849534468702,807.2333521121791,1.398828220626624e+80,-0.762776944713135
2.650000000000251,6.402351532262941,-887.971860839264,9.411671221650868e+79,5.001690238800715
2.7000000000002515,4.727009981278215,-712.441782087485,-9.545038270979389e+79,1.8726067204482622
2.7500000000002522,6.59019461733949,-130.84236263347336,2.1310263437428075e+78,0.6168701848750047
2.800000000000253,5.926298676049841,-1842.4751399511795,5.105840576358913e+79,5.637241011655183
2.8500000000002537,6.260980750786717,-492.7474965833007,2.2525281378615386e+80,3.5268738498600136
2.9000000000002544,7.607283308388265,-305.43891577965115,-3.711773029006717e+79,2.7453800723747532
2.950000000000255,5.27091792704382,2987.4716417949858,2.926517385976031e+80,3.1218497880092198
3.000000000000256,5.149491461675831,-1244.640908436786,3.017156542579593e+80,4.343031143195433
3.0500000000002565,5.976932515544494,1368.4039575727868,-2.5870118326624625e+80,3.8251967419561037
3.100000000000257,4.357049833836952,1797.8695661018305,-1.3491199821733877e+80,4.687744720293188
3.150000000000258,4.371873620652153,1478.895556457829,1.6790644173230488e+80,5.268961734600434
3.2000000000002586,6.224414624149499,1083.737619833711,3.816986836413929e+79,5.3002487439369625
3.2500000000002593,5.898674105630823,632.4518293248577,2.984999388663117e+80,7.17742880039377
3.30000000000026,6.08281928876363,3495.9833356453037,-7.820252067298594e+79,7.718081163748459
3.3500000000002608,6.447800672156629,-1596.3150184694691,2.6951642596360085e+80,8.042781835411944
3.4000000000002615,8.794627006400804,-5714.060883546628,-2.8778627492265107e+80,7.325214568563313
3.450000000000262,6.773281720147827,-3327.9251898563125,3.24238193926609e+80,6.309596040395232
3.500000000000263,4.827164510579745,-3802.35185172312,-2.4056055202921287e+79,5.201081534013462
3.5500000000002636,7.27137323663435,-325.76846379030553,1.1426954803335011e+80,6.177952472498657
3.6000000000002643,5.47279766049188,-1407.8153151499123,-7.402974000594993e+79,7.761577729141889
3.650000000000265,6.955583024015834,-2522.9332024551454,-6.141189209294873e+78,5.879048036286007
3.7000000000002657,4.499904830199896,-2010.674596328482,-8.903294029970074e+79,6.9483807696805435
3.7500000000002665,5.3625413190634905,3160.0878154104835,-2.838324756470815e+80,7.3563428096664545
3.800000000000267,6.462633044912723,-362.61665911923956,2.730280209682071e+80,8.475701073105476
3.850000000000268,4.600250780631932,-1472.6279903906586,-1.1123162063504715e+80,7.547770453999952
3.9000000000002686,5.31314609983752,3538.854901693104,7.354547178810331e+79,6.522054458644311
3.9500000000002693,3.73856562026074,1041.7458257299252,-1.5994694077809465e+80,8.95169868058349
4.00000000000027,3.9458457946036924,751.9648920111235,2.749805459608355e+80,7.397639997487538
4.050000000000271,4.160779015095761,4195.9857986246925,5.0385438875388194e+79,8.710547808377678
4.100000000000271,4.18905511168918,-376.725706385169,-6.966691219840841e+79,9.065470072841931
4.150000000000272,2.6570593629866535,1860.2944558681822,-3.0958618207966393e+80,8.096260540444469
4.200000000000273,2.097540320652513,197.89073624072745,5.188404723507218e+80,9.350603163829204
4.250000000000274,5.069746596291827,-2637.7987363999628,2.5672219620303386e+80,7.450933063651259
4.300000000000274,3.9841955204656907,360.856068934292,-1.1112885419462222e+80,9.494513093042299
4.350000000000275,2.1474368459039628,3151.6053157477672,8.329401712408873e+79,6.205010221759
4.400000000000276,4.349789554055212,-3009.4257428446626,-2.0108745090055913e+80,8.968785126449855
4.450000000000276,4.588667993736505,4.065851291773356,-4.9050794304723056e+79,8.216905127191064
4.500000000000277,2.1435309662184405,-1877.6812670050763,5.028358159096773e+78,7.573345375411585
4.550000000000278,0.8795592513493347,2722.242279719439,7.879807662308691e+79,13.182758219008681
4.6000000000002785,4.245835000947541,3322.139997759715,-2.412240465939466e+80,9.905004367254401
4.650000000000279,3.6866896594548857,3440.827198139773,1.6686120004564278e+80,7.445989940620673
4.70000000000028,3.656886423752452,6262.779533221476,3.088497347116504e+80,7.818873285932437
4.750000000000281,4.390261226611557,-1942.4849074572498,-1.1843282093967374e+80,8.284428121023636
4.800000000000281,3.750648239472403,-1034.8337183876465,5.3679522060628646e+79,10.179699417708067
4.850000000000282,2.9478176352025693,3887.814852374941,-2.1799639554520203e+80,8.438747996299798
4.900000000000283,2.476049541762298,-1275.892815907474,-9.080638961470638e+79,9.341165569313114
4.9500000000002835,2.8304749789539043,800.8916077164032,-7.163694810525795e+79,8.79875915050931
5.000000000000284,3.3072373361534586,-228.98144153032388,-4.6692371854205796e+80,8.890641687555032
5.050000000000285,4.720439814204894,-397.58787187735686,1.4975653203161168e+80,9.156538650064046
5.100000000000286,1.6265268014017185,-5309.416891968951,-1.546720061900219e+80,8.509040164633971
5.150000000000286,3.6026304195664567,-2250.405440780697,-3.2117490787808376e+79,10.086990915950954
5.200000000000287,3.203521894606313,3474.2070150454483,1.1516940272103962e+80,6.945324796767213
5.250000000000288,2.130801621523271,1719.6173755464079,7.928482694965558e+79,10.772071718945684
5.3000000000002885,3.1893334076503006,1649.2735817725757,-4.6738725063571375e+80,12.775233073776375
5.350000000000289,0.34770903846843737,-3541.9383384237385,-2.478268064599245e+80,8.754194502445344
5.40000000000029,3.9491412783676516,1063.586638183299,-1.5812048371847367e+80,7.95793239484737
5.450000000000291,2.523916820697721,6128.088757486854,6.990039758082924e+79,6.316364886642396
5.500000000000291,3.558093543409674,-518.339055097008,-1.9138307807026012e+80,10.10781373618542
5.550000000000292,2.8092192023810476,2096.970579036721,-7.919962316946401e+79,12.298566192128408
5.600000000000293,0.6048426949329659,278.357631732032,3.019545879046352e+79,7.966148726903688
5.6500000000002935,1.174714800018977,4074.3250727292216,3.287635495352496e+80,9.649288847882465
5.700000000000294,2.6077475496076543,-3293.4669323182443,-9.375504669243015e+79,8.57772920040735
5.750000000000295,0.2737816008109064,2941.4685420384035,9.209761468488342e+79,9.120927486215189
5.800000000000296,0.25285021156003396,-3021.976532051304,2.459745621448518e+80,9.079447450195826
5.850000000000296,4.845637226402104,1578.0317788064901,-5.971929283023748e+79,10.645012352816584
5.900000000000297,1.3843038445613782,1902.0466818330756,2.4760128059854344e+80,9.547570633926911
5.950000000000298,0.8572636941641516,2562.0632412371833,2.0553995809364044e+79,7.9900633732031405
6.000000000000298,3.0222656195677855,2349.9747114887105,7.222868110630409e+79,11.241306818270075
6.050000000000299,2.6501820204486553,-217.43884397964985,1.839321341553733e+79,12.168383523224158
6.1000000000003,1.5853783001517598,2916.7382720882842,2.41641125059506e+79,7.869064145639889
6.150000000000301,-0.8118717521398473,2789.835922326957,3.1227880863278807e+80,10.400539852371189
6.200000000000301,1.7846912112563338,2016.5929162640055,4.804400838306938e+80,4.874547597261768
6.250000000000302,1.558998197888016,3128.756964292421,1.4086103111402994e+79,9.35815171443722
6.300000000000303,0.9098529096096648,4087.9047624241925,4.251352203633082e+80,7.904540306464841
6.350000000000303,2.231537019737436,-1309.536830601988,-1.8652417709299468e+80,7.716887941647469
6.400000000000304,1.0137119118600282,1602.7853553152293,1.46095057381854e+80,11.31330133749242
6.450000000000305,0.8867185129808508,2385.4573164917397,4.137676939262079e+80,9.678219249571985
6.5000000000003055,1.369013431674185,2710.2701276730054,3.818308162665107e+80,9.77683750043417
6.550000000000306,3.3269731302485823,213.53517045404556,-2.6215391654282967e+80,8.83673779725138
6.600000000000307,1.8833495804607079,3799.4660553681333,3.4990893829623703e+80,7.165393970157426
6.650000000000308,-0.09119096767129342,1572.3128393657466,8.122703588618091e+78,10.33465730655601
6.700000000000308,-0.2255150668898942,1174.8835703163354,1.5355592519378265e+80,7.045565776901371
6.750000000000309,1.7680700872276631,122.57184480846445,-2.954744039854754e+79,9.904867001358397
6.80000000000031,-0.09447038309476419,6268.215744346313,-4.164511751970008e+79,9.202654239252718
6.8500000000003105,-0.6642518108682793,3467.6047102072466,-1.4933872191932489e+80,9.664957639486776
6.900000000000311,-0.19749493021845055,3690.365326525737,1.1072596665697932e+80,7.322950071547323
6.950000000000312,1.136827748440652,5053.036146261888,-2.5227913556473143e+79,9.27206611889841
7.000000000000313,0.34728400202675047,7565.304102488408,-1.7229947368812886e+80,8.90469792506626
7.050000000000313,2.014510058333067,1220.6950670317876,-8.841452639043632e+79,5.692694732948935
7.100000000000314,0.09156431285585498,4419.636199216865,-2.557534746049102e+80,8.88091996870228
7.150000000000315,-0.8291703598415978,2119.6726461985486,3.289888727968255e+80,6.444252241798038
7.2000000000003155,0.2788821983658796,3258.8877438776353,-2.67639404029365e+80,7.506338040465803
7.250000000000316,-5.116251102745682,4011.0954750493556,-2.116852314552282e+80,8.400239563531064
7.300000000000317,-0.6999059676128585,6997.417786285926,-1.825470769622676e+79,7.445733194026969
7.350000000000318,-0.7813865658002914,665.556711989299,2.2468934369345714e+80,9.069311053402583
7.400000000000318,-0.07983388121827772,4492.710995513637,-2.9610544776820166e+79,6.706665205069981
7.450000000000319,1.1558838716921507,-747.3579399550472,-2.5420991059148113e+80,3.7275790390000942
7.50000000000032,-1.0998029656407997,2494.487447689677,-1.3057377018459892e+79,4.572743765911201
7.5500000000003205,0.7542075655497609,4149.084979352837,1.2938182570252626e+80,5.698018699407069
7.600000000000321,-0.25457599892659566,4151.9300053111865,2.0682430519760445e+80,2.9005731414653084
7.650000000000322,1.5218490219443197,1372.9782824269591,1.1878948020464725e+80,4.427234899817807
7.700000000000323,0.6884975545818577,3365.193538869598,2.6970348639981207e+80,5.3491695425011025
7.750000000000323,-2.591995066347664,4923.18607047656,-1.8491712972582554e+80,5.028353274757549
7.800000000000324,-3.611729358250379,1350.1054424601966,-1.4502304786316807e+80,1.905555019107661
7.850000000000325,-0.9330029963845146,7605.23563857438,-1.6084110094637198e+79,3.3818884125538062
7.900000000000325,-2.4171104832093917,1463.358398238494,1.1751667408161064e+80,4.308721421709756
7.950000000000326,-0.7617516922753911,4797.564463037006,3.61261027976949e+80,1.70972770584269
8.000000000000327,-1.547693316830033,6013.409577445409,-9.52930542624712e+79,3.9784059365328943
8.050000000000328,-3.2656419995524484,3353.147442145266,2.075588311671876e+80,-0.1054909292623023
8.100000000000328,0.593995659455306,5982.234323410779,-2.1927821435285324e+79,3.766710558701866
8.150000000000329,-2.852669026948437,6745.228059727772,-3.505957546774626e+80,4.283979428655792
8.20000000000033,0.08710015424873951,1909.7738645522868,-1.1029775269651919e+80,1.703621844279109
8.25000000000033,-2.990335659632427,4796.547561501135,1.8477761121210204e+80,-0.6970963114859643
8.300000000000331,-1.5467448018258807,3638.3795313113915,-3.2774501710940196e+79,0.4061058314236945
8.350000000000332,-2.1506370562765724,7527.4189063856265,2.566059031907704e+80,-0.39737499685222843
8.400000000000333,-2.650497651090495,6124.953829232811,3.8167313163695256e+80,-1.8918094312128169
8.450000000000333,-1.7845490564912314,3497.4488800504396,-2.4192088279328987e+80,-2.6855711156108306
8.500000000000334,0.45521528506391284,861.1549242299989,-1.7671719745395366e+80,-1.2696468959589815
8.550000000000335,-1.6090860622239624,5391.516074565291,3.1735430827666594e+80,-3.459193510482404
8.600000000000335,-2.788840026730126,6075.969311908785,-4.506600224940621e+79,-1.7120187600176813
8.650000000000336,-1.000484988939652,6872.529586527878,-1.119664873194436e+80,-5.819745361540999
8.700000000000337,-2.945992054463046,5132.7080129988135,-2.166666068508233e+79,-2.937034552241597
8.750000000000338,-1.2537490811376735,7042.877277479571,-1.7952400312672306e+80,-6.215285248363621
8.800000000000338,0.1539057528473009,4372.077686086861,-9.008841680958661e+79,-7.98784870524209
8.850000000000339,-4.274146840735051,12507.930017735289,5.018021319764721e+79,-6.002538510557329
8.90000000000034,-2.0220051046256398,4879.467170520475,-8.357733573928356e+79,-5.267614280608484
8.95000000000034,-1.5343135549299554,5932.438383812696,-3.0281007212114213e+78,-5.355262819288958
9.000000000000341,-4.6410674803806735,6653.309946145071,-1.691453213267519e+80,-4.022723841839067
9.050000000000342,-4.825275710033445,1824.865460503127,1.9869218159361333e+80,-4.944460188490872
9.100000000000342,-2.0730365474839214,10832.810443431285,-1.590986141871101e+80,-7.041067534029491
9.150000000000343,-3.4586386772493736,5706.963523301333,-4.826000993569928e+79,-6.2712981933129335
9.200000000000344,-5.252700077345294,5695.476294154598,-9.166089215434099e+78,-7.241394835780838
9.250000000000345,-4.3655057342154855,5709.137550322321,2.4998080051747484e+80,-7.53136302624829
9.300000000000345,-2.450302176437864,9517.91150162254,2.175775355645684e+80,-7.368878766099435
9.350000000000346,-2.2553357115255075,7249.188784891654,7.67085416801061e+79,-9.845761793679706
9.400000000000347,-3.3760668905798337,12123.457960178244,1.3472631986483288e+80,-10.211234090768794
9.450000000000347,-2.5861357557728724,14524.255939104147,-2.1947158076309352e+80,-8.458412755674694
9.500000000000348,-0.5848743869221646,5845.980560164688,3.107841057425654e+80,-9.973464286428971
9.550000000000349,-2.4709940166373023,12294.101349011797,-4.4424554268684377e+80,-9.251008806032036
9.60000000000035,-3.625750068304649,10750.939170317539,-1.275941498006376e+80,-13.030552977962788
9.65000000000035,-2.123312165283238,6708.580356672595,1.2473344084325285e+79,-8.206492891757101
9.700000000000351,-3.55468511190395,12985.346265376413,-9.156890907888401e+79,-9.377744310586788
9.750000000000352,-3.9231998110806003,7495.222696268829,1.0051046511614172e+80,-12.255449426742619
9.800000000000352,-2.0267830268720477,10820.986764062978,-2.4005790965371037e+80,-13.031202648415174
9.850000000000353,-2.3739742537985347,8608.813791517132,-2.116104482180898e+80,-12.182786239111095
9.900000000000354,-5.978669463888274,11988.002390149944,-2.3704808462760874e+80,-9.75969150891057
9.950000000000355,-4.221431082270795,9777.292537519737,4.354174792959735e+79,-14.221937625933265
10.000000000000355,-2.6806638525111897,10976.872696862909,1.89704789958981e+80,-8.822394289907425
10.050000000000356,-4.8147555053149205,9127.801746224299,9.59361653782909e+79,-9.203385582526185
10.100000000000357,-4.858683877466248,11653.604637014016,-3.941400423373065e+79,-8.830617585601782
10.150000000000357,-2.6134635439727294,12093.665306456332,-3.192019514657573e+80,-12.277214511780695
10.200000000000358,-2.1791006317699786,9678.315885403565,-1.777508950067108e+79,-10.725233813246604
10.250000000000359,-3.1060451634816673,10781.333652134981,1.5430864928628098e+80,-13.537937848382093
10.30000000000036,-5.518786131831396,9355.083702861193,-5.331824889342434e+80,-14.272687189702104
10.35000000000036,-5.627902519516203,15421.706951558386,1.4894871502714124e+80,-13.319512081840713
10.400000000000361,-3.8587326167948763,11764.588092253296,5.4762064381764566e+79,-10.872180346193964
10.450000000000362,-5.872878841800453,15356.160523685765,-4.760041979501911e+80,-12.804752133800822
10.500000000000362,-5.0198252922909585,14072.422988723516,1.076467606928315e+80,-14.264122192229351
10.550000000000363,-6.754946363710108,14010.061715424961,9.43528445171584e+79,-11.96582125055329
10.600000000000364,-5.9842549142782815,14548.20989524779,6.790519920062831e+79,-12.864010799265827
10.650000000000365,-5.750954426647731,13770.225164885504,3.9508171732530664e+80,-10.994004979177838
10.700000000000365,-2.305448545263207,14681.472910958237,1.9963301187409817e+80,-9.47588209519617
10.750000000000366,-5.855249034815374,12226.034122764635,-4.291333278908664e+80,-13.089826458863875
10.800000000000367,-8.068619751913698,12497.696641877508,-2.334818773342443e+79,-13.118636362944386
10.850000000000367,-3.766504562187574,12577.46253038712,-1.7834892966676828e+80,-12.729750163289513
10.900000000000368,-8.321063152195528,13943.904821311804,2.5742355414627837e+80,-11.168453280485423
10.950000000000369,-5.6121707088383985,16590.29732671266,3.3414509564630113e+79,-9.963374301581172
11.00000000000037,-2.4062510231329135,17552.954841358893,-1.876593651889385e+80,-12.986330161414923
11.05000000000037,-3.3964564045811105,18122.90167497608,-5.740241780069951e+79,-13.570139152130064
11.100000000000371,-4.698083837356686,16748.160034089058,2.9243497284069195e+79,-9.533749552793747
11.150000000000372,-4.5228631996375945,12347.62512088455,8.507129355452251e+79,-10.838469914030075
11.200000000000372,-6.291487897590194,13448.22113510626,3.4492558639299755e+80,-10.021536927624023
11.250000000000373,-3.7403933704840995,16072.215728908683,1.080736675674223e+80,-10.468728767947496
11.300000000000374,-3.40130535220929,14488.474401910964,-1.474367536513481e+80,-6.835726077173128
11.350000000000374,-6.183520566720794,17571.520756135153,1.9298229240702756e+80,-8.786048299985072
11.400000000000375,-4.198516693169246,16166.5294170574,-1.1079454786020652e+79,-7.301311647923175
11.450000000000376,-7.603562941637158,15761.103265335614,3.186283808304724e+79,-7.165693966201953
11.500000000000377,-6.4123221149475,18797.59669086077,1.7743881312282644e+80,-5.198161353940366
11.550000000000377,-6.56082534061208,15455.392111915828,-1.0289295122028585e+80,-4.942917671450973
11.600000000000378,-7.280520540976514,20472.44400564585,1.081793182245986e+80,-8.424136306215
11.650000000000379,-9.927656380780775,16311.154587010642,-1.3854336052965539e+79,-7.170903625283113
11.70000000000038,-7.847384815480002,19700.79140440612,-5.033096205091408e+79,-7.908277329814105
11.75000000000038,-7.655416715544675,18891.23542557369,6.718385079448623e+79,-5.630535584412785
11.80000000000038,-7.904118860987143,20123.895337687325,2.4411305874039217e+80,-5.4042812342749595
11.850000000000382,-6.510331183872861,19944.82521523348,1.201423343094263e+80,-2.1015308899805873
11.900000000000382,-8.283003978073648,22460.454200609212,2.684320720905829e+80,-5.7498826946559785
11.950000000000383,-7.817537120004147,25282.815382794415,-6.631656803281721e+78,-4.630719698668008
12.000000000000384,-7.313819752498539,20116.150651507236,4.801672045412984e+80,-6.187729895382127
12.050000000000384,-7.213325861328212,20099.172588824837,4.072027952240227e+78,-3.767342531582802
12.100000000000385,-5.948234919345477,17340.337167728343,-7.451208223093325e+78,-4.428749631256657
12.150000000000386,-8.647113089281437,22572.37109569961,1.314862296411583e+80,-1.8465014276820373
12.200000000000387,-7.012667944320857,24606.322842376576,-1.470913228248588e+80,-2.4664874197921716
12.250000000000387,-8.054211258935691,26019.108845896997,-6.074748311876135e+79,-0.8515680197766891
12.300000000000388,-7.737547593937119,21113.007603275266,1.202871453773802e+80,0.11868461689057419
12.350000000000389,-7.43015642285042,22271.027720606173,-1.23509205014451e+80,-1.5352213487666582
12.40000000000039,-11.178091943474936,26099.555113881215,1.0780951901612e+80,-1.6263412682289342
12.45000000000039,-8.37385538748866,25450.027306256885,-2.7516577781517554e+80,-0.6413865946375683
12.50000000000039,-5.676327797373533,20668.168928407693,-1.6846835580337445e+80,1.9484058610279682
12.550000000000392,-7.477690291911227,27378.79552528807,6.518050904464088e+79,-1.6446994172609646
12.600000000000392,-5.254231990219189,27532.499053443134,-2.134452161167287e+80,3.225447850000755
12.650000000000393,-5.888643417982873,21634.178963185754,3.217653561847362e+79,2.6488426836378816
12.700000000000394,-7.958875711188444,30370.209992716726,4.416165105378895e+78,2.881041412673918
12.750000000000394,-7.415225497568546,27267.673623266834,-3.3679369114525896e+80,3.3404312707010018
12.800000000000395,-8.709121431771667,30644.07992958258,-9.076884333362533e+79,3.598555960619616
12.850000000000396,-8.686730280952844,29038.7611523305,-6.482606917788362e+79,3.9184229186027464
12.900000000000396,-12.318928585598975,27420.959774322786,4.462161082098678e+80,4.209934431530716
12.950000000000397,-7.825930116598528,28131.720562272487,-6.211248020388915e+80,4.262677393415738
13.000000000000398,-11.286846044955787,28470.87231091434,-1.7997759544326946e+80,2.728035405350716
13.050000000000399,-10.6729147553282,30009.805800370475,-3.211304129353973e+80,5.23696987509031
13.1000000000004,-10.415980975608171,28790.398604002345,2.9600223197946326e+80,5.727825444242477
13.1500000000004,-10.692787378440336,28490.366316182317,-3.071749406618405e+80,5.142744310916525
13.2000000000004,-8.903069782400728,30969.690627544296,1.1512246287271002e+80,4.49712472668873
13.250000000000401,-8.71009600598201,33382.77299039056,-2.2971614223558756e+80,4.712551276092906
13.300000000000402,-7.783762753121483,34368.78471700951,-1.7887707118822798e+80,7.449961223667402
13.350000000000403,-8.097288075425443,33405.09070202546,8.819095152999409e+79,8.814093218790081
13.400000000000404,-8.017492384418201,31790.024012322145,-2.172749079026273e+80,4.137578371658341
13.450000000000404,-9.982083384153665,30530.565018815898,-3.184370369443106e+80,8.53911176653603
13.500000000000405,-8.985601138154223,29002.395175466292,-2.458147640410701e+80,8.19803057990626
13.550000000000406,-10.416498118833612,34687.72438769473,7.324148792221249e+79,9.537041031099793
13.600000000000406,-7.484730905405382,37966.15952617583,-9.048558349983339e+79,8.829001590332224
13.650000000000407,-9.231043815978634,33452.641396230545,1.304662754255876e+78,9.379967870221051
13.700000000000408,-9.76648955508307,37802.19042182383,1.8253667928346238e+80,9.95546379100253
13.750000000000409,-9.456503555928602,35023.15441530844,1.6064022752110527e+80,11.398172003323955
13.80000000000041,-9.042963733647095,34313.3339443316,1.714351278712047e+80,7.240926100135127
13.85000000000041,-10.846513106752976,42047.26774743169,-1.4962046674021365e+80,8.357236449741189
13.90000000000041,-11.026871229356342,34939.34604598955,1.5779167057506145e+80,10.805537413845391
13.950000000000411,-10.153220986453682,38117.713749257004,-2.943136766197808e+80,10.542120866284161
14.000000000000412,-8.060954993703394,35843.103899332506,-7.764425074327803e+78,10.473491770529336
14.050000000000413,-7.975969871848548,38124.934447296146,-4.065731959679987e+79,9.16234647674663
14.100000000000414,-10.146767232083945,38735.71241719132,2.2113478540251674e+80,10.94848615419338
14.150000000000414,-8.292375829175377,38997.15244754449,-2.8350843782562844e+79,7.799241494935531
14.200000000000415,-10.67615115643219,40931.9477867846,-1.072788476849699e+80,9.586211888818934
14.250000000000416,-8.315848650983341,41292.091103613864,-9.820040345742329e+79,7.840987548210181
14.300000000000416,-9.744669514062934,45124.65571030092,2.1454207396268468e+80,10.94601366032405
14.350000000000417,-9.926589635921857,41790.990986841054,-3.6289405650156915e+80,8.673520482339534
14.400000000000418,-9.845459998500903,41427.98467732328,3.0484919950296526e+80,13.635380053712197
14.450000000000419,-11.687567340039227,44391.259164919735,1.0162596027775649e+80,9.003153186924129
14.50000000000042,-10.177617774910033,44121.01960470534,3.1267508421915617e+80,12.0068647932715
14.55000000000042,-9.753030627932226,46314.35647992257,-9.873257361617569e+79,10.12649819671869
14.60000000000042,-11.603887541295514,47712.99666470427,-3.3467825043275165e+80,12.142704413160622
14.650000000000421,-9.954784145615019,45881.32916981411,1.3237947912693787e+80,8.641436833545772
14.700000000000422,-10.787579985190664,45649.519570511926,1.293319324189021e+80,9.633593083326533
14.750000000000423,-12.924366526443404,44352.335341560334,-5.671622959613086e+80,11.95852644675104
14.800000000000423,-9.871581355605358,45901.36379998088,-3.245090024340979e+80,10.74495067443552
14.850000000000424,-9.270203080567569,48395.25199414252,-1.3088499995302082e+80,11.36193594122801
14.900000000000425,-11.131072010983338,43576.484877351715,2.0911202044943656e+80,14.402319700432706
14.950000000000426,-12.838155125693355,46696.06917125115,3.122492711143279e+79,11.729648420622116
